<?xml version="1.0" encoding="UTF-8"?>
<neuroml xmlns="http://morphml.org/neuroml/schema"
    xmlns:mml="http://morphml.org/morphml/schema"
    xmlns:meta="http://morphml.org/metadata/schema"
    xmlns:bio="http://morphml.org/biophysics/schema"
    xmlns:cml="http://morphml.org/channelml/schema"
    xmlns:xsi="http://www.w3.org/2001/XMLSchema-instance"
    xsi:schemaLocation="http://morphml.org/neuroml/schema NeuroML_Level2_v1.6.xsd"
    name = "NeuroML Level 2 file exported from NEURON"
    lengthUnits="micron">

<meta:notes>NeuroML Level 2 file generated by NEURON 6.1 ModelViewer
Authors: Michael Hines, Sushil Kambampati and Padraig Gleeson,
Yale University and UCL</meta:notes>

<cells>
  <cell name="soma">
    <meta:notes>Cell: soma exported from NEURON ModelView</meta:notes>
    <segments  xmlns="http://morphml.org/morphml/schema"> <!-- Changing namespace from neuroml to morphml-->
      <segment id="0" name = "Seg0_soma" cable = "0">
        <proximal x="0" y="0" z="0" diameter="20"/>
        <distal x="12.5" y="0" z="0" diameter="20"/>
      </segment>
      <segment id="1" name = "Seg1_soma" parent="0" cable = "0">
        <distal x="25" y="0" z="0" diameter="20"/>
      </segment>
      <segment id="34" name = "Seg0_hillock" parent="0" cable = "7">  <!-- Connected at 0 on parent section: soma  -->
        <proximal x="0" y="0" z="0" diameter="10.75"/>
        <distal x="-2.5" y="2.18557e-07" z="0" diameter="10.75"/>
      </segment>
      <segment id="35" name = "Seg1_hillock" parent="34" cable = "7">
        <distal x="-5" y="4.37114e-07" z="0" diameter="10.75"/>
      </segment>
      <segment id="74" name = "Seg0_electrode" parent="0" cable = "20">  <!-- Connected at 0.5 on parent section: soma  -->
        <proximal x="12.5" y="0" z="0" diameter="0.587368"/>
        <distal x="23.0518" y="24.9573" z="0" diameter="0.587368"/>
      </segment>
      <segment id="75" name = "Seg1_electrode" parent="74" cable = "20">
        <distal x="33.6036" y="49.9147" z="0" diameter="0.587368"/>
      </segment>
      <segment id="20" name = "Seg0_secden_1" parent="0" cable = "4">  <!-- Connected at 0.5 on parent section: soma  -->
        <proximal x="12.5" y="0" z="0" diameter="3.4"/>
        <distal x="31.9709" y="46.0531" z="0" diameter="3.4"/>
      </segment>
      <segment id="21" name = "Seg1_secden_1" parent="20" cable = "4">
        <distal x="70.9127" y="138.159" z="0" diameter="3.4"/>
      </segment>
      <segment id="22" name = "Seg2_secden_1" parent="21" cable = "4">
        <distal x="109.855" y="230.265" z="0" diameter="3.4"/>
      </segment>
      <segment id="23" name = "Seg3_secden_1" parent="22" cable = "4">
        <distal x="148.796" y="322.371" z="0" diameter="3.4"/>
      </segment>
      <segment id="24" name = "Seg4_secden_1" parent="23" cable = "4">
        <distal x="187.738" y="414.477" z="0" diameter="3.4"/>
      </segment>
      <segment id="25" name = "Seg5_secden_1" parent="24" cable = "4">
        <distal x="207.209" y="460.531" z="0" diameter="3.4"/>
      </segment>
      <segment id="14" name = "Seg0_secden_0" parent="0" cable = "3">  <!-- Connected at 0.5 on parent section: soma  -->
        <proximal x="12.5" y="0" z="0" diameter="3.4"/>
        <distal x="-6.97092" y="46.053" z="0" diameter="3.4"/>
      </segment>
      <segment id="15" name = "Seg1_secden_0" parent="14" cable = "3">
        <distal x="-45.9128" y="138.159" z="0" diameter="3.4"/>
      </segment>
      <segment id="16" name = "Seg2_secden_0" parent="15" cable = "3">
        <distal x="-84.8546" y="230.265" z="0" diameter="3.4"/>
      </segment>
      <segment id="17" name = "Seg3_secden_0" parent="16" cable = "3">
        <distal x="-123.796" y="322.371" z="0" diameter="3.4"/>
      </segment>
      <segment id="18" name = "Seg4_secden_0" parent="17" cable = "3">
        <distal x="-162.738" y="414.477" z="0" diameter="3.4"/>
      </segment>
      <segment id="19" name = "Seg5_secden_0" parent="18" cable = "3">
        <distal x="-182.209" y="460.53" z="0" diameter="3.4"/>
      </segment>
      <segment id="2" name = "Seg0_priden_0" parent="1" cable = "1">  <!-- Parent section: soma -->
        <proximal x="25" y="0" z="0" diameter="3.5"/>
        <distal x="43.5" y="0" z="0" diameter="3.5"/>
      </segment>
      <segment id="3" name = "Seg1_priden_0" parent="2" cable = "1">
        <distal x="80.5" y="0" z="0" diameter="3.5"/>
      </segment>
      <segment id="4" name = "Seg2_priden_0" parent="3" cable = "1">
        <distal x="117.5" y="0" z="0" diameter="3.5"/>
      </segment>
      <segment id="5" name = "Seg3_priden_0" parent="4" cable = "1">
        <distal x="154.5" y="0" z="0" diameter="3.5"/>
      </segment>
      <segment id="6" name = "Seg4_priden_0" parent="5" cable = "1">
        <distal x="191.5" y="0" z="0" diameter="3.5"/>
      </segment>
      <segment id="7" name = "Seg5_priden_0" parent="6" cable = "1">
        <distal x="228.5" y="0" z="0" diameter="3.5"/>
      </segment>
      <segment id="8" name = "Seg6_priden_0" parent="7" cable = "1">
        <distal x="265.5" y="0" z="0" diameter="3.5"/>
      </segment>
      <segment id="9" name = "Seg7_priden_0" parent="8" cable = "1">
        <distal x="302.5" y="0" z="0" diameter="3.5"/>
      </segment>
      <segment id="10" name = "Seg8_priden_0" parent="9" cable = "1">
        <distal x="321" y="0" z="0" diameter="3.5"/>
      </segment>
      <segment id="36" name = "Seg0_initialseg_0" parent="35" cable = "8">  <!-- Parent section: hillock -->
        <proximal x="-5" y="4.37114e-07" z="0" diameter="1.5"/>
        <distal x="-5.1" y="4.52213e-07" z="0" diameter="1.5"/>
      </segment>
      <segment id="37" name = "Seg1_initialseg_0" parent="36" cable = "8">
        <distal x="-5.2" y="4.67313e-07" z="0" diameter="1.5"/>
      </segment>
      <segment id="76" name = "Seg0_electrode" parent="10" cable = "21">  <!-- Parent section: priden[0] -->
        <proximal x="321" y="0" z="0" diameter="0.587368"/>
        <distal x="345.957" y="-10.5518" z="0" diameter="0.587368"/>
      </segment>
      <segment id="77" name = "Seg1_electrode" parent="76" cable = "21">
        <distal x="370.915" y="-21.1036" z="0" diameter="0.587368"/>
      </segment>
      <segment id="11" name = "Seg0_priden_1" parent="10" cable = "2">  <!-- Parent section: priden[0] -->
        <proximal x="321" y="0" z="0" diameter="3.5"/>
        <distal x="339.5" y="0" z="0" diameter="3.5"/>
      </segment>
      <segment id="12" name = "Seg1_priden_1" parent="11" cable = "2">
        <distal x="376.5" y="0" z="0" diameter="3.5"/>
      </segment>
      <segment id="13" name = "Seg2_priden_1" parent="12" cable = "2">
        <distal x="395" y="0" z="0" diameter="3.5"/>
      </segment>
      <segment id="38" name = "Seg0_initialseg_1" parent="37" cable = "9">  <!-- Parent section: initialseg[0] -->
        <proximal x="-5.2" y="4.67313e-07" z="0" diameter="1.5"/>
        <distal x="-7.18" y="7.66285e-07" z="0" diameter="1.5"/>
      </segment>
      <segment id="39" name = "Seg1_initialseg_1" parent="38" cable = "9">
        <distal x="-11.14" y="1.36423e-06" z="0" diameter="1.5"/>
      </segment>
      <segment id="40" name = "Seg2_initialseg_1" parent="39" cable = "9">
        <distal x="-15.1" y="1.96217e-06" z="0" diameter="1.5"/>
      </segment>
      <segment id="41" name = "Seg3_initialseg_1" parent="40" cable = "9">
        <distal x="-19.06" y="2.56011e-06" z="0" diameter="1.5"/>
      </segment>
      <segment id="42" name = "Seg4_initialseg_1" parent="41" cable = "9">
        <distal x="-23.02" y="3.15806e-06" z="0" diameter="1.5"/>
      </segment>
      <segment id="43" name = "Seg5_initialseg_1" parent="42" cable = "9">
        <distal x="-25" y="3.45703e-06" z="0" diameter="1.5"/>
      </segment>
      <segment id="30" name = "Seg0_tuftden_1" parent="13" cable = "6">  <!-- Parent section: priden[1] -->
        <proximal x="395" y="0" z="0" diameter="2.1"/>
        <distal x="448.729" y="-22.7161" z="0" diameter="2.1"/>
      </segment>
      <segment id="31" name = "Seg1_tuftden_1" parent="30" cable = "6">
        <distal x="556.186" y="-68.1482" z="0" diameter="2.1"/>
      </segment>
      <segment id="32" name = "Seg2_tuftden_1" parent="31" cable = "6">
        <distal x="663.643" y="-113.58" z="0" diameter="2.1"/>
      </segment>
      <segment id="33" name = "Seg3_tuftden_1" parent="32" cable = "6">
        <distal x="717.371" y="-136.296" z="0" diameter="2.1"/>
      </segment>
      <segment id="26" name = "Seg0_tuftden_0" parent="13" cable = "5">  <!-- Parent section: priden[1] -->
        <proximal x="395" y="0" z="0" diameter="2.1"/>
        <distal x="448.729" y="22.7161" z="0" diameter="2.1"/>
      </segment>
      <segment id="27" name = "Seg1_tuftden_0" parent="26" cable = "5">
        <distal x="556.186" y="68.1482" z="0" diameter="2.1"/>
      </segment>
      <segment id="28" name = "Seg2_tuftden_0" parent="27" cable = "5">
        <distal x="663.643" y="113.58" z="0" diameter="2.1"/>
      </segment>
      <segment id="29" name = "Seg3_tuftden_0" parent="28" cable = "5">
        <distal x="717.371" y="136.296" z="0" diameter="2.1"/>
      </segment>
      <segment id="54" name = "Seg0_myelin_0" parent="43" cable = "15">  <!-- Parent section: initialseg[1] -->
        <proximal x="-25" y="3.45703e-06" z="0" diameter="1.5"/>
        <distal x="-191.667" y="2.8623e-05" z="0" diameter="1.5"/>
      </segment>
      <segment id="55" name = "Seg1_myelin_0" parent="54" cable = "15">
        <distal x="-525" y="7.89549e-05" z="0" diameter="1.5"/>
      </segment>
      <segment id="56" name = "Seg2_myelin_0" parent="55" cable = "15">
        <distal x="-858.333" y="0.000129287" z="0" diameter="1.5"/>
      </segment>
      <segment id="57" name = "Seg3_myelin_0" parent="56" cable = "15">
        <distal x="-1025" y="0.000154453" z="0" diameter="1.5"/>
      </segment>
      <segment id="44" name = "Seg0_node_0" parent="57" cable = "10">  <!-- Parent section: myelin[0] -->
        <proximal x="-1025" y="0.000154453" z="0" diameter="1"/>
        <distal x="-1025.5" y="0.000154528" z="0" diameter="1"/>
      </segment>
      <segment id="45" name = "Seg1_node_0" parent="44" cable = "10">
        <distal x="-1026" y="0.000154604" z="0" diameter="1"/>
      </segment>
      <segment id="58" name = "Seg0_myelin_1" parent="45" cable = "16">  <!-- Parent section: node[0] -->
        <proximal x="-1026" y="0.000154604" z="0" diameter="1.5"/>
        <distal x="-1192.67" y="0.00017977" z="0" diameter="1.5"/>
      </segment>
      <segment id="59" name = "Seg1_myelin_1" parent="58" cable = "16">
        <distal x="-1526" y="0.000230102" z="0" diameter="1.5"/>
      </segment>
      <segment id="60" name = "Seg2_myelin_1" parent="59" cable = "16">
        <distal x="-1859.33" y="0.000280434" z="0" diameter="1.5"/>
      </segment>
      <segment id="61" name = "Seg3_myelin_1" parent="60" cable = "16">
        <distal x="-2026" y="0.0003056" z="0" diameter="1.5"/>
      </segment>
      <segment id="46" name = "Seg0_node_1" parent="61" cable = "11">  <!-- Parent section: myelin[1] -->
        <proximal x="-2026" y="0.0003056" z="0" diameter="1"/>
        <distal x="-2026.5" y="0.000305675" z="0" diameter="1"/>
      </segment>
      <segment id="47" name = "Seg1_node_1" parent="46" cable = "11">
        <distal x="-2027" y="0.000305751" z="0" diameter="1"/>
      </segment>
      <segment id="62" name = "Seg0_myelin_2" parent="47" cable = "17">  <!-- Parent section: node[1] -->
        <proximal x="-2027" y="0.000305751" z="0" diameter="1.5"/>
        <distal x="-2193.67" y="0.000330917" z="0" diameter="1.5"/>
      </segment>
      <segment id="63" name = "Seg1_myelin_2" parent="62" cable = "17">
        <distal x="-2527" y="0.000381249" z="0" diameter="1.5"/>
      </segment>
      <segment id="64" name = "Seg2_myelin_2" parent="63" cable = "17">
        <distal x="-2860.33" y="0.00043158" z="0" diameter="1.5"/>
      </segment>
      <segment id="65" name = "Seg3_myelin_2" parent="64" cable = "17">
        <distal x="-3027" y="0.000456746" z="0" diameter="1.5"/>
      </segment>
      <segment id="48" name = "Seg0_node_2" parent="65" cable = "12">  <!-- Parent section: myelin[2] -->
        <proximal x="-3027" y="0.000456746" z="0" diameter="1"/>
        <distal x="-3027.5" y="0.000456822" z="0" diameter="1"/>
      </segment>
      <segment id="49" name = "Seg1_node_2" parent="48" cable = "12">
        <distal x="-3028" y="0.000456897" z="0" diameter="1"/>
      </segment>
      <segment id="66" name = "Seg0_myelin_3" parent="49" cable = "18">  <!-- Parent section: node[2] -->
        <proximal x="-3028" y="0.000456897" z="0" diameter="1.5"/>
        <distal x="-3194.67" y="0.000482063" z="0" diameter="1.5"/>
      </segment>
      <segment id="67" name = "Seg1_myelin_3" parent="66" cable = "18">
        <distal x="-3528" y="0.000532395" z="0" diameter="1.5"/>
      </segment>
      <segment id="68" name = "Seg2_myelin_3" parent="67" cable = "18">
        <distal x="-3861.33" y="0.000582727" z="0" diameter="1.5"/>
      </segment>
      <segment id="69" name = "Seg3_myelin_3" parent="68" cable = "18">
        <distal x="-4028" y="0.000607893" z="0" diameter="1.5"/>
      </segment>
      <segment id="50" name = "Seg0_node_3" parent="69" cable = "13">  <!-- Parent section: myelin[3] -->
        <proximal x="-4028" y="0.000607893" z="0" diameter="1"/>
        <distal x="-4028.5" y="0.000607969" z="0" diameter="1"/>
      </segment>
      <segment id="51" name = "Seg1_node_3" parent="50" cable = "13">
        <distal x="-4029" y="0.000608044" z="0" diameter="1"/>
      </segment>
      <segment id="70" name = "Seg0_myelin_4" parent="51" cable = "19">  <!-- Parent section: node[3] -->
        <proximal x="-4029" y="0.000608044" z="0" diameter="1.5"/>
        <distal x="-4195.67" y="0.00063321" z="0" diameter="1.5"/>
      </segment>
      <segment id="71" name = "Seg1_myelin_4" parent="70" cable = "19">
        <distal x="-4529" y="0.000683542" z="0" diameter="1.5"/>
      </segment>
      <segment id="72" name = "Seg2_myelin_4" parent="71" cable = "19">
        <distal x="-4862.33" y="0.000733874" z="0" diameter="1.5"/>
      </segment>
      <segment id="73" name = "Seg3_myelin_4" parent="72" cable = "19">
        <distal x="-5029" y="0.00075904" z="0" diameter="1.5"/>
      </segment>
      <segment id="52" name = "Seg0_node_4" parent="73" cable = "14">  <!-- Parent section: myelin[4] -->
        <proximal x="-5029" y="0.00075904" z="0" diameter="1"/>
        <distal x="-5029.5" y="0.000759116" z="0" diameter="1"/>
      </segment>
      <segment id="53" name = "Seg1_node_4" parent="52" cable = "14">
        <distal x="-5030" y="0.000759191" z="0" diameter="1"/>
      </segment>
    </segments>
    <cables  xmlns="http://morphml.org/morphml/schema"> <!-- Changing namespace from neuroml to morphml-->
      <cable id = "0" name = "soma" fractAlongParent = "0"/>
      <cable id = "7" name = "hillock" fractAlongParent = "0"/>
      <cable id = "20" name = "electrode" fractAlongParent = "0.5"/>
      <cable id = "4" name = "secden_1" fractAlongParent = "0.5">
        <meta:properties>
          <meta:property>
            <meta:tag>numberInternalDivisions</meta:tag>
            <meta:value>5</meta:value>
          </meta:property>
        </meta:properties>
      </cable>
      <cable id = "3" name = "secden_0" fractAlongParent = "0.5">
        <meta:properties>
          <meta:property>
            <meta:tag>numberInternalDivisions</meta:tag>
            <meta:value>5</meta:value>
          </meta:property>
        </meta:properties>
      </cable>
      <cable id = "1" name = "priden_0">
        <meta:properties>
          <meta:property>
            <meta:tag>numberInternalDivisions</meta:tag>
            <meta:value>8</meta:value>
          </meta:property>
        </meta:properties>
      </cable>
      <cable id = "8" name = "initialseg_0"/>
      <cable id = "21" name = "electrode"/>
      <cable id = "2" name = "priden_1">
        <meta:properties>
          <meta:property>
            <meta:tag>numberInternalDivisions</meta:tag>
            <meta:value>2</meta:value>
          </meta:property>
        </meta:properties>
      </cable>
      <cable id = "9" name = "initialseg_1">
        <meta:properties>
          <meta:property>
            <meta:tag>numberInternalDivisions</meta:tag>
            <meta:value>5</meta:value>
          </meta:property>
        </meta:properties>
      </cable>
      <cable id = "6" name = "tuftden_1">
        <meta:properties>
          <meta:property>
            <meta:tag>numberInternalDivisions</meta:tag>
            <meta:value>3</meta:value>
          </meta:property>
        </meta:properties>
      </cable>
      <cable id = "5" name = "tuftden_0">
        <meta:properties>
          <meta:property>
            <meta:tag>numberInternalDivisions</meta:tag>
            <meta:value>3</meta:value>
          </meta:property>
        </meta:properties>
      </cable>
      <cable id = "15" name = "myelin_0">
        <meta:properties>
          <meta:property>
            <meta:tag>numberInternalDivisions</meta:tag>
            <meta:value>3</meta:value>
          </meta:property>
        </meta:properties>
      </cable>
      <cable id = "10" name = "node_0"/>
      <cable id = "16" name = "myelin_1">
        <meta:properties>
          <meta:property>
            <meta:tag>numberInternalDivisions</meta:tag>
            <meta:value>3</meta:value>
          </meta:property>
        </meta:properties>
      </cable>
      <cable id = "11" name = "node_1"/>
      <cable id = "17" name = "myelin_2">
        <meta:properties>
          <meta:property>
            <meta:tag>numberInternalDivisions</meta:tag>
            <meta:value>3</meta:value>
          </meta:property>
        </meta:properties>
      </cable>
      <cable id = "12" name = "node_2"/>
      <cable id = "18" name = "myelin_3">
        <meta:properties>
          <meta:property>
            <meta:tag>numberInternalDivisions</meta:tag>
            <meta:value>3</meta:value>
          </meta:property>
        </meta:properties>
      </cable>
      <cable id = "13" name = "node_3"/>
      <cable id = "19" name = "myelin_4">
        <meta:properties>
          <meta:property>
            <meta:tag>numberInternalDivisions</meta:tag>
            <meta:value>3</meta:value>
          </meta:property>
        </meta:properties>
      </cable>
      <cable id = "14" name = "node_4"/>
      <cablegroup name="all"> <!-- Replacing subset name ModelViewParmSubset_0 with all, as it contains all sections -->
        <cable id = "0"/>
        <cable id = "7"/>
        <cable id = "20"/>
        <cable id = "4"/>
        <cable id = "3"/>
        <cable id = "1"/>
        <cable id = "8"/>
        <cable id = "21"/>
        <cable id = "2"/>
        <cable id = "9"/>
        <cable id = "6"/>
        <cable id = "5"/>
        <cable id = "15"/>
        <cable id = "10"/>
        <cable id = "16"/>
        <cable id = "11"/>
        <cable id = "17"/>
        <cable id = "12"/>
        <cable id = "18"/>
        <cable id = "13"/>
        <cable id = "19"/>
        <cable id = "14"/>
      </cablegroup>
      <cablegroup name="ModelViewParmSubset_1"> 
        <cable id = "0"/>
        <cable id = "7"/>
        <cable id = "4"/>
        <cable id = "3"/>
        <cable id = "1"/>
        <cable id = "8"/>
        <cable id = "2"/>
        <cable id = "9"/>
        <cable id = "6"/>
        <cable id = "5"/>
        <cable id = "15"/>
        <cable id = "10"/>
        <cable id = "16"/>
        <cable id = "11"/>
        <cable id = "17"/>
        <cable id = "12"/>
        <cable id = "18"/>
        <cable id = "13"/>
        <cable id = "19"/>
        <cable id = "14"/>
      </cablegroup>
      <cablegroup name="ModelViewParmSubset_2"> 
        <cable id = "15"/>
        <cable id = "16"/>
        <cable id = "17"/>
        <cable id = "18"/>
        <cable id = "19"/>
      </cablegroup>
      <cablegroup name="ModelViewParmSubset_3"> 
        <cable id = "0"/>
        <cable id = "7"/>
        <cable id = "4"/>
        <cable id = "3"/>
        <cable id = "1"/>
        <cable id = "8"/>
        <cable id = "2"/>
        <cable id = "9"/>
        <cable id = "6"/>
        <cable id = "5"/>
        <cable id = "10"/>
        <cable id = "11"/>
        <cable id = "12"/>
        <cable id = "13"/>
        <cable id = "14"/>
      </cablegroup>
      <cablegroup name="ModelViewParmSubset_4"> 
        <cable id = "20"/>
        <cable id = "21"/>
      </cablegroup>
      <cablegroup name="ModelViewParmSubset_5"> 
        <cable id = "0"/>
        <cable id = "7"/>
        <cable id = "4"/>
        <cable id = "3"/>
        <cable id = "1"/>
        <cable id = "8"/>
        <cable id = "2"/>
        <cable id = "6"/>
        <cable id = "5"/>
      </cablegroup>
      <cablegroup name="ModelViewParmSubset_6"> 
        <cable id = "9"/>
        <cable id = "10"/>
        <cable id = "11"/>
        <cable id = "12"/>
        <cable id = "13"/>
        <cable id = "14"/>
      </cablegroup>
      <cablegroup name="OneSecGrp_SectionRef_3"> <!-- Creating a group containing a single section... -->
        <cable id = "20"/>
      </cablegroup>
      <cablegroup name="OneSecGrp_SectionRef_8"> <!-- Creating a group containing a single section... -->
        <cable id = "21"/>
      </cablegroup>
      <cablegroup name="OneSecGrp_SectionRef_3"> <!-- Creating a group containing a single section... -->
        <cable id = "20"/>
      </cablegroup>
      <cablegroup name="OneSecGrp_SectionRef_8"> <!-- Creating a group containing a single section... -->
        <cable id = "21"/>
      </cablegroup>
    </cables>
    <biophysics  units = "Physiological Units"> <!-- Note: values of cond dens are different in NEURON and phy units-->
      <bio:mechanism name="pas" type="Channel Mechanism" passiveConductance="true">
        <bio:parameter name="gmax" value="0">
          <bio:group>ModelViewParmSubset_4</bio:group>
        </bio:parameter>
        <bio:parameter name="gmax" value="0.01">
          <bio:group>ModelViewParmSubset_2</bio:group>
        </bio:parameter>
        <bio:parameter name="gmax" value="0.0333333">
          <bio:group>ModelViewParmSubset_5</bio:group>
        </bio:parameter>
        <bio:parameter name="gmax" value="1">
          <bio:group>ModelViewParmSubset_6</bio:group>
        </bio:parameter>
        <bio:parameter name="e" value="-75.042">
          <bio:group>ModelViewParmSubset_6</bio:group>
        </bio:parameter>
        <bio:parameter name="e" value="-65">
          <bio:group>ModelViewParmSubset_2</bio:group>
        </bio:parameter>
        <bio:parameter name="e" value="-56.072">
          <bio:group>ModelViewParmSubset_5</bio:group>
        </bio:parameter>
        <bio:parameter name="e" value="0">
          <bio:group>ModelViewParmSubset_4</bio:group>
        </bio:parameter>
      </bio:mechanism>
      <bio:mechanism name="kd" type="Channel Mechanism">
        <bio:parameter name="gmax" value="0">
          <bio:group>ModelViewParmSubset_2</bio:group>
        </bio:parameter>
        <bio:parameter name="gmax" value="41844.8">
          <bio:group>ModelViewParmSubset_5</bio:group>
        </bio:parameter>
        <bio:parameter name="gmax" value="100000">
          <bio:group>ModelViewParmSubset_6</bio:group>
        </bio:parameter>
      </bio:mechanism>
      <bio:mechanism name="na" type="Channel Mechanism">
        <bio:parameter name="gmax" value="0">
          <bio:group>ModelViewParmSubset_2</bio:group>
        </bio:parameter>
        <bio:parameter name="gmax" value="258272">
          <bio:group>ModelViewParmSubset_5</bio:group>
        </bio:parameter>
        <bio:parameter name="gmax" value="1.0115e+07">
          <bio:group>ModelViewParmSubset_6</bio:group>
        </bio:parameter>
        <bio:parameter name="vshift" value="0">
          <bio:group>ModelViewParmSubset_1</bio:group>
        </bio:parameter>
      </bio:mechanism>
      <bio:specificCapacitance>
        <bio:parameter value="1e-06">
          <bio:group>OneSecGrp_SectionRef_3</bio:group>
        </bio:parameter>
        <bio:parameter value="0.012">
          <bio:group>ModelViewParmSubset_2</bio:group>
        </bio:parameter>
        <bio:parameter value="1.2">
          <bio:group>ModelViewParmSubset_3</bio:group>
        </bio:parameter>
        <bio:parameter value="2.95">
          <bio:group>OneSecGrp_SectionRef_8</bio:group>
        </bio:parameter>
      </bio:specificCapacitance>
      <bio:specificAxialResistance>
        <bio:parameter value="0.0012">
          <bio:group>OneSecGrp_SectionRef_3</bio:group>
        </bio:parameter>
        <bio:parameter value="0.0175">
          <bio:group>OneSecGrp_SectionRef_8</bio:group>
        </bio:parameter>
        <bio:parameter value="0.07">
          <bio:group>ModelViewParmSubset_1</bio:group>
        </bio:parameter>
      </bio:specificAxialResistance>
    </biophysics>
  </cell>
</cells>
</neuroml>
